{
    "pyruvate_dmpa*1": {
        "low_confidence_retention_times": [],
        "confirmed_retention_times": [
            [
                391.56,
                396.94,
                1.7056448475629358,
                58629121.0,
                "Na+"
            ]
        ],
        "isotope_confirmed_retention_times": [],
        "all_retention_times": [
            [
                391.56,
                396.94,
                1.7056448475629358,
                58629121.0,
                "Na+"
            ]
        ],
        "search_mass": [
            [
                272.08932828201904,
                "Na+"
            ]
        ]
    },
    "2-oxoglutarate_dmpa*1": {
        "low_confidence_retention_times": [],
        "confirmed_retention_times": [
            [
                383.55,
                404.82,
                1.3661001748076889,
                12681904.0,
                "H+"
            ]
        ],
        "isotope_confirmed_retention_times": [],
        "all_retention_times": [
            [
                383.55,
                404.82,
                1.3661001748076889,
                12681904.0,
                "H+"
            ]
        ],
        "search_mass": [
            [
                308.11231446677004,
                "H+"
            ]
        ]
    },
    "2-oxoglutarate_dmpa*2": {
        "low_confidence_retention_times": [],
        "confirmed_retention_times": [
            [
                425.17,
                428.45,
                1.000995049912817,
                3209405265.0,
                "H+"
            ]
        ],
        "isotope_confirmed_retention_times": [],
        "all_retention_times": [
            [
                425.17,
                428.45,
                1.000995049912817,
                3209405265.0,
                "H+"
            ],
            [
                425.57,
                428.59,
                0.9889439927602063,
                158211754.0,
                "Na+"
            ]
        ],
        "search_mass": [
            [
                469.19637846677006,
                "H+"
            ],
            [
                491.17887128201903,
                "Na+"
            ]
        ]
    },
    "succinate_dmpa*1": {
        "low_confidence_retention_times": [],
        "confirmed_retention_times": [
            [
                384.73,
                387.62,
                0.8875273599460052,
                23967414.0,
                "H+"
            ]
        ],
        "isotope_confirmed_retention_times": [],
        "all_retention_times": [
            [
                384.73,
                387.62,
                0.8875273599460052,
                23967414.0,
                "H+"
            ]
        ],
        "search_mass": [
            [
                280.11740046677005,
                "H+"
            ]
        ]
    },
    "succinate_dmpa*2": {
        "low_confidence_retention_times": [],
        "confirmed_retention_times": [
            [
                423.6,
                426.75,
                0.9213816650920472,
                22827309592.0,
                "H+"
            ]
        ],
        "isotope_confirmed_retention_times": [],
        "all_retention_times": [
            [
                423.6,
                426.75,
                0.9213816650920472,
                22827309592.0,
                "H+"
            ],
            [
                422.68,
                426.88,
                0.66451209592772,
                28839650.0,
                "K+"
            ],
            [
                422.68,
                425.04,
                1.0932162807145351,
                427929093.0,
                "Na+"
            ]
        ],
        "search_mass": [
            [
                441.20146446677,
                "H+"
            ],
            [
                479.157894486449,
                "K+"
            ],
            [
                463.183957282019,
                "Na+"
            ]
        ]
    },
    "fumarate_dmpa*1": {
        "low_confidence_retention_times": [],
        "confirmed_retention_times": [
            [
                412.17,
                414.14,
                1.2641767351803073,
                20105845.0,
                "H+"
            ]
        ],
        "isotope_confirmed_retention_times": [],
        "all_retention_times": [
            [
                412.17,
                414.14,
                1.2641767351803073,
                20105845.0,
                "H+"
            ]
        ],
        "search_mass": [
            [
                278.10175046677006,
                "H+"
            ]
        ]
    },
    "fumarate_dmpa*2": {
        "low_confidence_retention_times": [],
        "confirmed_retention_times": [
            [
                433.71,
                436.99,
                0.9474472064947695,
                8776584456.0,
                "H+"
            ]
        ],
        "isotope_confirmed_retention_times": [],
        "all_retention_times": [
            [
                433.71,
                436.99,
                0.9474472064947695,
                8776584456.0,
                "H+"
            ],
            [
                434.36,
                437.25,
                0.9381504776834969,
                101799893.0,
                "Na+"
            ]
        ],
        "search_mass": [
            [
                439.18581446677,
                "H+"
            ],
            [
                461.168307282019,
                "Na+"
            ]
        ]
    },
    "(s)-malate_dmpa*2": {
        "low_confidence_retention_times": [],
        "confirmed_retention_times": [
            [
                411.78,
                414.93,
                1.0100679353025064,
                2150094686.0,
                "H+"
            ]
        ],
        "isotope_confirmed_retention_times": [],
        "all_retention_times": [
            [
                411.78,
                414.93,
                1.0100679353025064,
                2150094686.0,
                "H+"
            ],
            [
                411.25,
                414.67,
                1.0603804919757251,
                422688977.0,
                "Na+"
            ]
        ],
        "search_mass": [
            [
                457.19637846677006,
                "H+"
            ],
            [
                479.17887128201903,
                "Na+"
            ]
        ]
    },
    "l-malate_dmpa*2": {
        "low_confidence_retention_times": [],
        "confirmed_retention_times": [
            [
                411.78,
                414.93,
                1.0100679353025064,
                2150094686.0,
                "H+"
            ]
        ],
        "isotope_confirmed_retention_times": [],
        "all_retention_times": [
            [
                411.78,
                414.93,
                1.0100679353025064,
                2150094686.0,
                "H+"
            ],
            [
                411.25,
                414.67,
                1.0603804919757251,
                422688977.0,
                "Na+"
            ]
        ],
        "search_mass": [
            [
                457.19637846677006,
                "H+"
            ],
            [
                479.17887128201903,
                "Na+"
            ]
        ]
    },
    "malate_dmpa*2": {
        "low_confidence_retention_times": [],
        "confirmed_retention_times": [
            [
                411.78,
                414.93,
                1.0100679353025064,
                2150094686.0,
                "H+"
            ]
        ],
        "isotope_confirmed_retention_times": [],